{
 "lags": [
  0,
  8,
  64,
  512
 ],
 "reports": [
  {
   "mri": "data/mris/fo-noadapt-enwik90-50k.seq.mri",
   "shape": [
    48,
    1024,
    2048
   ],
   "eigs_head": [
    46.511051106397055,
    24.526972273931182,
    20.84180981407075,
    18.523607593897406,
    17.268820668630084,
    15.472154264643446,
    13.075629920399154,
    12.01966464610207,
    10.566994944501888,
    9.132792955393864,
    8.579509926001766,
    7.348867498974827,
    7.05982206250032,
    6.475751993059568,
    6.199239317488066,
    5.664296446835282,
    4.870128545152495,
    4.684850776844776,
    4.328365287469967,
    4.192323006072702,
    3.9184016850500387,
    3.7989932996155926,
    3.507714254689361,
    3.4326293332844564,
    3.397366200716878,
    3.217902107475777,
    2.9477195425223974,
    2.847518559662838,
    2.713237533787782,
    2.6808691871474113,
    2.603949166769606,
    2.409627545449827,
    2.3770846693725063,
    2.226064432104832,
    2.1539285214757378,
    2.1149883300972303,
    2.0011970390708234,
    1.8679805364241862,
    1.8359019314332239,
    1.7297289883074722,
    1.660002659554862,
    1.600001637868964,
    1.560066200153403,
    1.5145198866397003,
    1.3987748421949058,
    1.3752145243252643,
    1.3151956976804464,
    1.2188530320804898,
    1.1846495749127384,
    1.1363443221343574,
    1.0995122085105304,
    1.0573188407236276,
    1.0285580568670216,
    0.9876039715575694,
    0.9772777606815153,
    0.9088316781377893,
    0.8917759473671121,
    0.8751963571913187,
    0.8569175377844576,
    0.8111276271537962,
    0.7997455469197448,
    0.7962175490945868,
    0.7650309719325202,
    0.7399438667015503
   ],
   "bands": [
    {
     "band": "0-7",
     "var_pct": 47.1722,
     "pos_r2": 0.8146,
     "byte_r2_lag0": 0.0873,
     "byte_r2_lag8": 0.0934,
     "byte_r2_lag64": 0.0978,
     "byte_r2_lag512": 0.0639
    },
    {
     "band": "8-19",
     "var_pct": 22.1794,
     "pos_r2": 0.0552,
     "byte_r2_lag0": 0.0294,
     "byte_r2_lag8": 0.0232,
     "byte_r2_lag64": 0.0143,
     "byte_r2_lag512": 0.005
    },
    {
     "band": "20-49",
     "var_pct": 18.9952,
     "pos_r2": 0.0183,
     "byte_r2_lag0": 0.0306,
     "byte_r2_lag8": 0.0242,
     "byte_r2_lag64": 0.0082,
     "byte_r2_lag512": 0.0042
    },
    {
     "band": "50-99",
     "var_pct": 8.0072,
     "pos_r2": 0.0722,
     "byte_r2_lag0": 0.056,
     "byte_r2_lag8": 0.0224,
     "byte_r2_lag64": 0.0002,
     "byte_r2_lag512": 0.0006
    },
    {
     "band": "100-255",
     "var_pct": 3.4041,
     "pos_r2": 0.0146,
     "byte_r2_lag0": 0.1011,
     "byte_r2_lag8": 0.0156,
     "byte_r2_lag64": 0.0,
     "byte_r2_lag512": 0.0
    },
    {
     "band": "256-511",
     "var_pct": 0.2355,
     "pos_r2": 0.0,
     "byte_r2_lag0": 0.1166,
     "byte_r2_lag8": 0.0036,
     "byte_r2_lag64": 0.0,
     "byte_r2_lag512": 0.0
    },
    {
     "band": "512-1023",
     "var_pct": 0.0065,
     "pos_r2": 0.0,
     "byte_r2_lag0": 0.0681,
     "byte_r2_lag8": 0.0,
     "byte_r2_lag64": 0.0,
     "byte_r2_lag512": 0.0
    },
    {
     "band": "1024-2047",
     "var_pct": 0.0,
     "pos_r2": 0.0,
     "byte_r2_lag0": 0.0015,
     "byte_r2_lag8": 0.0,
     "byte_r2_lag64": 0.0,
     "byte_r2_lag512": 0.0
    }
   ]
  },
  {
   "mri": "data/mris/fo-adapt-seq2048-step20k.seq.mri",
   "shape": [
    48,
    2048,
    2304
   ],
   "eigs_head": [
    222.26947022094734,
    80.23840938100027,
    59.276488899279826,
    51.653150928336046,
    44.858719592741174,
    35.17974278170043,
    30.2615003322865,
    26.982035813903817,
    20.231832306359216,
    17.36386395841335,
    16.31350309260982,
    14.197178818779044,
    13.59731388686725,
    11.178981102623117,
    9.922690182355115,
    8.89251162482856,
    8.843918949714915,
    8.516874821220217,
    7.995284914179561,
    7.414204526849459,
    6.915282155757868,
    6.735520036352429,
    6.06792935208236,
    5.783126303432915,
    4.965463433794848,
    4.548227182986763,
    4.120213123249955,
    3.8627577011275442,
    3.5753692761234928,
    3.4634859158951556,
    3.3144841273972365,
    3.172776053171681,
    2.9168885572444063,
    2.835891360429835,
    2.748570323918752,
    2.59193807340454,
    2.3168806811857663,
    2.0139318930457075,
    2.0018698903279897,
    1.7986413483922896,
    1.7039384147911543,
    1.6659364831520076,
    1.562641487032059,
    1.431481772456215,
    1.3721807419366427,
    1.2311015273096533,
    1.2014491397805227,
    1.1829250366100883,
    1.0833582877891388,
    1.0030554622892358,
    0.9206404112222244,
    0.8814494465312284,
    0.832772344956335,
    0.7832264041944853,
    0.705484271029754,
    0.6216330450466448,
    0.6058452191230629,
    0.5625987845332354,
    0.48646517276047485,
    0.4296705081093779,
    0.40169933297449084,
    0.3842278191733807,
    0.3675345317147673,
    0.2983725533305876
   ],
   "bands": [
    {
     "band": "0-7",
     "var_pct": 69.1988,
     "pos_r2": 0.0093,
     "byte_r2_lag0": 0.3523,
     "byte_r2_lag8": 0.2612,
     "byte_r2_lag64": 0.0645,
     "byte_r2_lag512": 0.0191
    },
    {
     "band": "8-19",
     "var_pct": 18.1526,
     "pos_r2": 0.0219,
     "byte_r2_lag0": 0.2821,
     "byte_r2_lag8": 0.0772,
     "byte_r2_lag64": 0.0048,
     "byte_r2_lag512": 0.0
    },
    {
     "band": "20-49",
     "var_pct": 11.2065,
     "pos_r2": 0.0196,
     "byte_r2_lag0": 0.4492,
     "byte_r2_lag8": 0.0353,
     "byte_r2_lag64": 0.0002,
     "byte_r2_lag512": 0.0
    },
    {
     "band": "50-99",
     "var_pct": 1.4202,
     "pos_r2": 0.0377,
     "byte_r2_lag0": 0.4442,
     "byte_r2_lag8": 0.0338,
     "byte_r2_lag64": 0.0,
     "byte_r2_lag512": 0.0
    },
    {
     "band": "100-255",
     "var_pct": 0.0218,
     "pos_r2": 0.0426,
     "byte_r2_lag0": 0.47,
     "byte_r2_lag8": 0.0256,
     "byte_r2_lag64": 0.0,
     "byte_r2_lag512": 0.0
    },
    {
     "band": "256-511",
     "var_pct": 0.0001,
     "pos_r2": 0.0029,
     "byte_r2_lag0": 0.1987,
     "byte_r2_lag8": 0.0,
     "byte_r2_lag64": 0.0,
     "byte_r2_lag512": 0.0
    },
    {
     "band": "512-1023",
     "var_pct": 0.0,
     "pos_r2": 0.0,
     "byte_r2_lag0": 0.0,
     "byte_r2_lag8": 0.0,
     "byte_r2_lag64": 0.0,
     "byte_r2_lag512": 0.0
    },
    {
     "band": "1024-2047",
     "var_pct": 0.0,
     "pos_r2": 0.0,
     "byte_r2_lag0": 0.0,
     "byte_r2_lag8": 0.0,
     "byte_r2_lag64": 0.0,
     "byte_r2_lag512": 0.0
    }
   ]
  },
  {
   "mri": "data/mris/fo-adapt-seq2048-step50k.seq.mri",
   "shape": [
    48,
    2048,
    2304
   ],