{
 "lags": [
  -64,
  -8,
  -1,
  0,
  1,
  8,
  64,
  512
 ],
 "dims": 2048,
 "reports": [
  {
   "mri": "data/mris/fo-noadapt-enwik90-50k.seq.mri",
   "shape": [
    48,
    1024,
    2048
   ],
   "eigs_head": [
    46.511051106397055,
    24.526972273931182,
    20.84180981407075,
    18.523607593897406,
    17.268820668630084,
    15.472154264643446,
    13.075629920399154,
    12.01966464610207,
    10.566994944501888,
    9.132792955393864,
    8.579509926001766,
    7.348867498974827,
    7.05982206250032,
    6.475751993059568,
    6.199239317488066,
    5.664296446835282,
    4.870128545152495,
    4.684850776844776,
    4.328365287469967,
    4.192323006072702,
    3.9184016850500387,
    3.7989932996155926,
    3.507714254689361,
    3.4326293332844564,
    3.397366200716878,
    3.217902107475777,
    2.9477195425223974,
    2.847518559662838,
    2.713237533787782,
    2.6808691871474113,
    2.603949166769606,
    2.409627545449827,
    2.3770846693725063,
    2.226064432104832,
    2.1539285214757378,
    2.1149883300972303,
    2.0011970390708234,
    1.8679805364241862,
    1.8359019314332239,
    1.7297289883074722,
    1.660002659554862,
    1.600001637868964,
    1.560066200153403,
    1.5145198866397003,
    1.3987748421949058,
    1.3752145243252643,
    1.3151956976804464,
    1.2188530320804898,
    1.1846495749127384,
    1.1363443221343574,
    1.0995122085105304,
    1.0573188407236276,
    1.0285580568670216,
    0.9876039715575694,
    0.9772777606815153,
    0.9088316781377893,
    0.8917759473671121,
    0.8751963571913187,
    0.8569175377844576,
    0.8111276271537962,
    0.7997455469197448,
    0.7962175490945868,
    0.7650309719325202,
    0.7399438667015503
   ],
   "bands": [
    {
     "band": "0-7",
     "var_pct": 47.1722,
     "pos_r2": 0.8146,
     "byte_r2_lag-64": 0.0576,
     "byte_r2_lag-8": 0.0669,
     "byte_r2_lag-1": 0.0765,
     "byte_r2_lag0": 0.0873,
     "byte_r2_lag1": 0.0868,
     "byte_r2_lag8": 0.0934,
     "byte_r2_lag64": 0.0978,
     "byte_r2_lag512": 0.0639
    },
    {
     "band": "8-19",
     "var_pct": 22.1794,
     "pos_r2": 0.0552,
     "byte_r2_lag-64": 0.0015,
     "byte_r2_lag-8": 0.0067,
     "byte_r2_lag-1": 0.013,
     "byte_r2_lag0": 0.0294,
     "byte_r2_lag1": 0.0354,
     "byte_r2_lag8": 0.0232,
     "byte_r2_lag64": 0.0143,
     "byte_r2_lag512": 0.005
    },
    {
     "band": "20-49",
     "var_pct": 18.9952,
     "pos_r2": 0.0183,
     "byte_r2_lag-64": 0.0,
     "byte_r2_lag-8": 0.0034,
     "byte_r2_lag-1": 0.0104,
     "byte_r2_lag0": 0.0306,
     "byte_r2_lag1": 0.0306,
     "byte_r2_lag8": 0.0242,
     "byte_r2_lag64": 0.0082,
     "byte_r2_lag512": 0.0042
    },
    {
     "band": "50-99",
     "var_pct": 8.0072,
     "pos_r2": 0.0722,
     "byte_r2_lag-64": 0.0,
     "byte_r2_lag-8": 0.0008,
     "byte_r2_lag-1": 0.0132,
     "byte_r2_lag0": 0.056,
     "byte_r2_lag1": 0.0508,
     "byte_r2_lag8": 0.0224,
     "byte_r2_lag64": 0.0002,
     "byte_r2_lag512": 0.0006
    },
    {
     "band": "100-255",
     "var_pct": 3.4041,
     "pos_r2": 0.0146,
     "byte_r2_lag-64": 0.0,
     "byte_r2_lag-8": 0.0015,
     "byte_r2_lag-1": 0.0144,
     "byte_r2_lag0": 0.1011,
     "byte_r2_lag1": 0.0711,
     "byte_r2_lag8": 0.0156,
     "byte_r2_lag64": 0.0,
     "byte_r2_lag512": 0.0
    },
    {
     "band": "256-511",
     "var_pct": 0.2355,
     "pos_r2": 0.0,
     "byte_r2_lag-64": 0.0,
     "byte_r2_lag-8": 0.0,
     "byte_r2_lag-1": 0.0043,
     "byte_r2_lag0": 0.1166,
     "byte_r2_lag1": 0.0432,
     "byte_r2_lag8": 0.0036,
     "byte_r2_lag64": 0.0,
     "byte_r2_lag512": 0.0
    },
    {
     "band": "512-1023",
     "var_pct": 0.0065,
     "pos_r2": 0.0,
     "byte_r2_lag-64": 0.0,
     "byte_r2_lag-8": 0.0,
     "byte_r2_lag-1": 0.0,
     "byte_r2_lag0": 0.0681,
     "byte_r2_lag1": 0.0,
     "byte_r2_lag8": 0.0,
     "byte_r2_lag64": 0.0,
     "byte_r2_lag512": 0.0
    },
    {
     "band": "1024-2047",
     "var_pct": 0.0,
     "pos_r2": 0.0,
     "byte_r2_lag-64": 0.0,
     "byte_r2_lag-8": 0.0,
     "byte_r2_lag-1": 0.0,
     "byte_r2_lag0": 0.0015,
     "byte_r2_lag1": 0.0,
     "byte_r2_lag8": 0.0,
     "byte_r2_lag64": 0.0,
     "byte_r2_lag512": 0.0
    }
   ]
  },
  {
   "mri": "data/mris/fo-adapt-seq2048-step50k.seq.mri",
   "shape": [
    48,
    2048,
    2048
   ],
   "eigs_head": [
    249.67380216870023,
    73.91287182311707,
    63.04979097735669,
    50.52139325773368,
    43.7100132286991,
    39.146292890751724,
    29.030788635382017,
    24.384548476455183,
    23.131353100990683,
    19.531227837752542,
    14.916546049747023,
    14.771681459521186,
    12.93535564549966,
    10.895517381774537,
    10.4182561722821,
    9.62514725804215,
    9.20717351401146,
    8.66786711946524,
    8.004857789528481,
    7.616450833168194,
    7.332407834157777,
    7.032854570936144,
    6.341892421123037,
    6.108899185876788,
    5.796129984605586,
    5.550866464511783,
    5.183624869798296,
    4.8995604102865675,
    4.6194918977408745,
    4.409789999019439,
    4.092383120334407,
    3.890626931125068,
    3.6561728594062677,
    3.441774008764218,
    3.3008564492989745,
    3.12823626598863,
    3.0212808845121915,
    2.890887173963166,
    2.811534303839151,
    2.5599388258940565,
    2.47462560089736,
    2.373067176318413,
    2.0829129911232305,
    1.9779817700742783,
    1.9448370029314141,
    1.832865749406056,
    1.7389419510757267,
    1.6793874613306479,
    1.5871433896673652,
    1.5302174220166034,
    1.3709569200333112,
    1.2864983535725951,
    1.1876166906609407,
    1.1381953388908586,
    1.0514277514538533,
    0.9795736121788393,
    0.9478554387055333,
    0.8708605286458793,
    0.8399163032222723,
    0.7773825870547207,
    0.7377096003623957,
    0.6296344940118769,
    0.6004176392432543,
    0.5693230094666026
   ],
   "bands": [
    {
     "band": "0-7",
     "var_pct": 67.3165,
     "pos_r2": 0.0095,
     "byte_r2_lag-64": 0.0413,
     "byte_r2_lag-8": 0.1311,
     "byte_r2_lag-1": 0.2317,
     "byte_r2_lag0": 0.3587,
     "byte_r2_lag1": 0.314,
     "byte_r2_lag8": 0.2763,
     "byte_r2_lag64": 0.066,
     "byte_r2_lag512": 0.0198
    },
    {
     "band": "8-19",
     "var_pct": 17.5762,
     "pos_r2": 0.0107,
     "byte_r2_lag-64": 0.0016,
     "byte_r2_lag-8": 0.0165,
     "byte_r2_lag-1": 0.0766,
     "byte_r2_lag0": 0.2861,
     "byte_r2_lag1": 0.1323,
     "byte_r2_lag8": 0.0744,
     "byte_r2_lag64": 0.0062,
     "byte_r2_lag512": 0.0
    },
    {
     "band": "20-49",
     "var_pct": 12.83,
     "pos_r2": 0.0325,
     "byte_r2_lag-64": 0.0,
     "byte_r2_lag-8": 0.005,
     "byte_r2_lag-1": 0.0645,
     "byte_r2_lag0": 0.4004,
     "byte_r2_lag1": 0.096,
     "byte_r2_lag8": 0.0382,
     "byte_r2_lag64": 0.0006,
     "byte_r2_lag512": 0.0
    },
    {
     "band": "50-99",
     "var_pct": 2.2405,
     "pos_r2": 0.0375,
     "byte_r2_lag-64": 0.0,
     "byte_r2_lag-8": 0.0047,
     "byte_r2_lag-1": 0.042,
     "byte_r2_lag0": 0.4639,
     "byte_r2_lag1": 0.0794,
     "byte_r2_lag8": 0.033,
     "byte_r2_lag64": 0.0,
     "byte_r2_lag512": 0.0
    },
    {
     "band": "100-255",
     "var_pct": 0.0367,
     "pos_r2": 0.0406,
     "byte_r2_lag-64": 0.0,
     "byte_r2_lag-8": 0.0,
     "byte_r2_lag-1": 0.0242,
     "byte_r2_lag0": 0.4818,
     "byte_r2_lag1": 0.0621,
     "byte_r2_lag8": 0.0246,
     "byte_r2_lag64": 0.0,
     "byte_r2_lag512": 0.0
    },
    {
     "band": "256-511",
     "var_pct": 0.0001,
     "pos_r2": 0.0057,
     "byte_r2_lag-64": 0.0,
     "byte_r2_lag-8": 0.0,
     "byte_r2_lag-1": 0.0,
     "byte_r2_lag0": 0.2286,
     "byte_r2_lag1": 0.0,
     "byte_r2_lag8": 0.0,
     "byte_r2_lag64": 0.0,
     "byte_r2_lag512": 0.0
    },
    {
     "band": "512-1023",
     "var_pct": 0.0,
     "pos_r2": 0.0,
     "byte_r2_lag-64": 0.0,
     "byte_r2_lag-8": 0.0,
     "byte_r2_lag-1": 0.0,
     "byte_r2_lag0": 0.0,
     "byte_r2_lag1": 0.0,
     "byte_r2_lag8": 0.0,