{
 "lags": [
  0,
  8,
  64,
  512
 ],
 "dims": 2048,
 "reports": [
  {
   "mri": "data/mris/fo-adapt-seq2048-step20k.seq.mri",
   "shape": [
    48,
    2048,
    2048
   ],
   "eigs_head": [
    201.9597235090505,
    74.25886581697675,
    52.0201891571856,
    44.81430513341539,
    41.38696593229459,
    31.65279701840175,
    27.183604642419294,
    23.36240646138806,
    18.075831445261876,
    15.483955181794231,
    14.42528437018921,
    12.760508596941076,
    12.194728062712588,
    9.86172459997301,
    8.629891213519276,
    8.102703370667838,
    7.793988517636563,
    7.532271375229408,
    7.114776629706767,
    6.80107135556646,
    6.1817344603657185,
    5.953312291619581,
    5.381688943258063,
    5.094578554443052,
    4.413384293207947,
    4.05065863034025,
    3.701041018830567,
    3.5073352297533598,
    3.207935905881129,
    3.1020183956091323,
    2.8894455616065438,
    2.7912826573055667,
    2.622191521180867,
    2.4872462972880416,
    2.428204385114294,
    2.293480120070423,
    2.056552614180124,
    1.8079232410376695,
    1.7442164755893785,
    1.607851427779241,
    1.4948444669225733,
    1.485180732769209,
    1.387841635642335,
    1.2914088431973159,
    1.2226359635652053,
    1.081940230736188,
    1.070152890955964,
    1.042643654185429,
    0.9663918449657812,
    0.8873956025835996,
    0.8043551914447332,
    0.7816261123830704,
    0.732261900705338,
    0.6964686747196757,
    0.6380458494663686,
    0.5497773633703315,
    0.5174657849317011,
    0.4997635870957056,
    0.4323712426157073,
    0.3856313363154224,
    0.3585097650076337,
    0.33063315800309173,
    0.32697352973540145,
    0.2640934593268371
   ],
   "bands": [
    {
     "band": "0-7",
     "var_pct": 69.4789,
     "pos_r2": 0.0089,
     "byte_r2_lag0": 0.3484,
     "byte_r2_lag8": 0.2621,
     "byte_r2_lag64": 0.065,
     "byte_r2_lag512": 0.0191
    },
    {
     "band": "8-19",
     "var_pct": 18.0156,
     "pos_r2": 0.022,
     "byte_r2_lag0": 0.2879,
     "byte_r2_lag8": 0.0762,
     "byte_r2_lag64": 0.0047,
     "byte_r2_lag512": 0.0
    },
    {
     "band": "20-49",
     "var_pct": 11.0873,
     "pos_r2": 0.0201,
     "byte_r2_lag0": 0.4492,
     "byte_r2_lag8": 0.0356,
     "byte_r2_lag64": 0.0003,
     "byte_r2_lag512": 0.0
    },
    {
     "band": "50-99",
     "var_pct": 1.3967,
     "pos_r2": 0.0373,
     "byte_r2_lag0": 0.4449,
     "byte_r2_lag8": 0.0338,
     "byte_r2_lag64": 0.0,
     "byte_r2_lag512": 0.0
    },
    {
     "band": "100-255",
     "var_pct": 0.0214,
     "pos_r2": 0.0425,
     "byte_r2_lag0": 0.4694,
     "byte_r2_lag8": 0.0255,
     "byte_r2_lag64": 0.0,
     "byte_r2_lag512": 0.0
    },
    {
     "band": "256-511",
     "var_pct": 0.0,
     "pos_r2": 0.0013,
     "byte_r2_lag0": 0.1994,
     "byte_r2_lag8": 0.0,
     "byte_r2_lag64": 0.0,
     "byte_r2_lag512": 0.0
    },
    {
     "band": "512-1023",
     "var_pct": 0.0,
     "pos_r2": 0.0,
     "byte_r2_lag0": 0.0,
     "byte_r2_lag8": 0.0,
     "byte_r2_lag64": 0.0,
     "byte_r2_lag512": 0.0
    },
    {
     "band": "1024-2047",
     "var_pct": 0.0,
     "pos_r2": 0.0,
     "byte_r2_lag0": 0.0,
     "byte_r2_lag8": 0.0,
     "byte_r2_lag64": 0.0,
     "byte_r2_lag512": 0.0
    }
   ]
  },
  {
   "mri": "data/mris/fo-adapt-seq2048-step50k.seq.mri",
   "shape": [
    48,
    2048,
    2048
   ],
   "eigs_head": [
    249.67380216870023,
    73.91287182311707,
    63.04979097735669,
    50.52139325773368,
    43.7100132286991,
    39.146292890751724,
    29.030788635382017,
    24.384548476455183,
    23.131353100990683,
    19.531227837752542,
    14.916546049747023,
    14.771681459521186,
    12.93535564549966,
    10.895517381774537,
    10.4182561722821,
    9.62514725804215,
    9.20717351401146,
    8.66786711946524,
    8.004857789528481,
    7.616450833168194,
    7.332407834157777,
    7.032854570936144,
    6.341892421123037,
    6.108899185876788,
    5.796129984605586,
    5.550866464511783,
    5.183624869798296,
    4.8995604102865675,
    4.6194918977408745,
    4.409789999019439,
    4.092383120334407,
    3.890626931125068,
    3.6561728594062677,
    3.441774008764218,
    3.3008564492989745,
    3.12823626598863,
    3.0212808845121915,
    2.890887173963166,
    2.811534303839151,
    2.5599388258940565,
    2.47462560089736,
    2.373067176318413,
    2.0829129911232305,
    1.9779817700742783,
    1.9448370029314141,
    1.832865749406056,
    1.7389419510757267,
    1.6793874613306479,
    1.5871433896673652,
    1.5302174220166034,
    1.3709569200333112,
    1.2864983535725951,
    1.1876166906609407,
    1.1381953388908586,
    1.0514277514538533,
    0.9795736121788393,
    0.9478554387055333,
    0.8708605286458793,
    0.8399163032222723,
    0.7773825870547207,
    0.7377096003623957,
    0.6296344940118769,
    0.6004176392432543,
    0.5693230094666026
   ],
   "bands": [
    {
     "band": "0-7",
     "var_pct": 67.3165,
     "pos_r2": 0.0095,
     "byte_r2_lag0": 0.3587,
     "byte_r2_lag8": 0.2763,
     "byte_r2_lag64": 0.066,
     "byte_r2_lag512": 0.0198
    },
    {
     "band": "8-19",
     "var_pct": 17.5762,
     "pos_r2": 0.0107,
     "byte_r2_lag0": 0.2861,
     "byte_r2_lag8": 0.0744,
     "byte_r2_lag64": 0.0062,
     "byte_r2_lag512": 0.0
    },
    {
     "band": "20-49",
     "var_pct": 12.83,
     "pos_r2": 0.0325,
     "byte_r2_lag0": 0.4004,
     "byte_r2_lag8": 0.0382,
     "byte_r2_lag64": 0.0006,
     "byte_r2_lag512": 0.0
    },
    {
     "band": "50-99",
     "var_pct": 2.2405,
     "pos_r2": 0.0375,
     "byte_r2_lag0": 0.4639,
     "byte_r2_lag8": 0.033,
     "byte_r2_lag64": 0.0,
     "byte_r2_lag512": 0.0
    },
    {
     "band": "100-255",
     "var_pct": 0.0367,
     "pos_r2": 0.0406,
     "byte_r2_lag0": 0.4818,
     "byte_r2_lag8": 0.0246,
     "byte_r2_lag64": 0.0,
     "byte_r2_lag512": 0.0
    },
    {
     "band": "256-511",
     "var_pct": 0.0001,
     "pos_r2": 0.0057,
     "byte_r2_lag0": 0.2286,
     "byte_r2_lag8": 0.0,
     "byte_r2_lag64": 0.0,
     "byte_r2_lag512": 0.0
    },
    {
     "band": "512-1023",
     "var_pct": 0.0,
     "pos_r2": 0.0,
     "byte_r2_lag0": 0.0,
     "byte_r2_lag8": 0.0,
     "byte_r2_lag64": 0.0,
     "byte_r2_lag512": 0.0
    },
    {
     "band": "1024-2047",
     "var_pct": 0.0,
     "pos_r2": 0.0,
     "byte_r2_lag0": 0.0,
     "byte_r2_lag8": 0.0,
     "byte_r2_lag64": 0.0,
     "byte_r2_lag512": 0.0
    }
   ]
  },
  {
   "mri": "data/mris/fo-adapt-seq2048-step100k.seq.mri",
   "shape": [
    48,
    2048,
    2048
   ],